-- categoriesテーブル
INSERT IGNORE INTO categories (id, name, created_at, updated_at) VALUES
(1, '手羽先', '2025-04-23 19:38:00', '2025-04-23 19:38:00'),
(2, '味噌カツ', '2025-04-23 19:38:00', '2025-04-23 19:38:00'),
(3, 'ひつまぶし', '2025-04-23 19:38:00', '2025-04-23 19:38:00'),
(4, 'きしめん', '2025-04-23 19:38:00', '2025-04-23 19:38:00'),
(5, '台湾ラーメン', '2025-04-23 19:38:00', '2025-04-23 19:38:00'),
(6, 'あんかけスパゲッティ', '2025-04-23 19:38:00', '2025-04-23 19:38:00'),
(7, '小倉トースト', '2025-04-23 19:38:00', '2025-04-23 19:38:00'),
(8, 'エビフライ', '2025-04-23 19:38:00', '2025-04-23 19:38:00'),
(9, 'どて煮', '2025-04-23 19:38:00', '2025-04-23 19:38:00'),
(10, '天むす', '2025-04-23 19:38:00', '2025-04-23 19:38:00'),
(11, '和食', '2025-04-23 20:01:00', '2025-04-23 20:01:00'),
(12, '海鮮', '2025-04-23 20:01:00', '2025-04-23 20:01:00'),
(13, 'うなぎ・あなご', '2025-04-23 20:01:00', '2025-04-23 20:01:00'),
(14, '天ぷら', '2025-04-23 20:01:00', '2025-04-23 20:01:00'),
(15, 'とんかつ・揚げ物', '2025-04-23 20:01:00', '2025-04-23 20:01:00'),
(16, '焼き鳥・串焼・鳥料理', '2025-04-23 20:01:00', '2025-04-23 20:01:00'),
(17, 'すき焼き', '2025-04-23 20:01:00', '2025-04-23 20:01:00'),
(18, 'しゃぶしゃぶ', '2025-04-23 20:01:00', '2025-04-23 20:01:00'),
(19, 'そば', '2025-04-23 20:01:00', '2025-04-23 20:01:00'),
(20, 'うどん', '2025-04-23 20:01:00', '2025-04-23 20:01:00'),
(21, '麺類', '2025-04-23 20:01:00', '2025-04-23 20:01:00'),
(22, 'お好み焼き・たこ焼き', '2025-04-23 20:01:00', '2025-04-23 20:01:00'),
(23, '丼', '2025-04-23 20:01:00', '2025-04-23 20:01:00'),
(24, 'おでん', '2025-04-23 20:01:00', '2025-04-23 20:01:00'),
(25, '郷土料理', '2025-04-23 20:01:00', '2025-04-23 20:01:00'),
(26, '沖縄料理', '2025-04-23 20:01:00', '2025-04-23 20:01:00'),
(27, '牛タン', '2025-04-23 20:01:00', '2025-04-23 20:01:00'),
(28, '麦とろ', '2025-04-23 20:01:00', '2025-04-23 20:01:00'),
(29, '釜飯', '2025-04-23 20:01:00', '2025-04-23 20:01:00'),
(30, 'お茶漬け', '2025-04-23 20:01:00', '2025-04-23 20:01:00'),
(31, '豆腐料理', '2025-04-23 20:01:00', '2025-04-23 20:01:00'),
(32, 'ろばた焼き', '2025-04-23 20:01:00', '2025-04-23 20:01:00'),
(33, 'きりたんぽ', '2025-04-23 20:01:00', '2025-04-23 20:01:00'),
(34, 'くじら料理', '2025-04-23 20:01:00', '2025-04-23 20:01:00'),
(35, '洋食', '2025-04-23 20:01:00', '2025-04-23 20:01:00'),
(36, 'ステーキ・鉄板焼', '2025-04-23 20:01:00', '2025-04-23 20:01:00'),
(37, 'フレンチ', '2025-04-23 20:01:00', '2025-04-23 20:01:00'),
(38, 'イタリアン', '2025-04-23 20:01:00', '2025-04-23 20:01:00'),
(39, 'スペイン料理', '2025-04-23 20:01:00', '2025-04-23 20:01:00'),
(40, 'ヨーロッパ料理', '2025-04-23 20:01:00', '2025-04-23 20:01:00'),
(41, 'アメリカ料理', '2025-04-23 20:01:00', '2025-04-23 20:01:00'),
(42, '中華料理', '2025-04-23 20:01:00', '2025-04-23 20:01:00'),
(43, '四川料理', '2025-04-23 20:01:00', '2025-04-23 20:01:00'),
(44, '台湾料理', '2025-04-23 20:01:00', '2025-04-23 20:01:00'),
(45, '飲茶・点心', '2025-04-23 20:01:00', '2025-04-23 20:01:00'),
(46, '餃子', '2025-04-23 20:01:00', '2025-04-23 20:01:00'),
(47, '中華粥', '2025-04-23 20:01:00', '2025-04-23 20:01:00'),
(48, 'アジア・エスニック', '2025-04-23 20:01:00', '2025-04-23 20:01:00'),
(49, '韓国料理', '2025-04-23 20:01:00', '2025-04-23 20:01:00'),
(50, '東南アジア料理', '2025-04-23 20:01:00', '2025-04-23 20:01:00'),
(51, '南アジア料理', '2025-04-23 20:01:00', '2025-04-23 20:01:00'),
(52, '中東料理', '2025-04-23 20:01:00', '2025-04-23 20:01:00'),
(53, '中南米料理', '2025-04-23 20:01:00', '2025-04-23 20:01:00'),
(54, 'アフリカ料理', '2025-04-23 20:01:00', '2025-04-23 20:01:00'),
(55, 'カレー', '2025-04-23 20:01:00', '2025-04-23 20:01:00'),
(56, '焼肉・ホルモン', '2025-04-23 20:01:00', '2025-04-23 20:01:00'),
(57, '鍋', '2025-04-23 20:01:00', '2025-04-23 20:01:00'),
(58, '居酒屋', '2025-04-23 20:01:00', '2025-04-23 20:01:00'),
(59, 'バル', '2025-04-23 20:01:00', '2025-04-23 20:01:00'),
(60, 'ビアガーデン・ビアホール', '2025-04-23 20:01:00', '2025-04-23 20:01:00'),
(61, 'その他レストラン', '2025-04-23 20:01:00', '2025-04-23 20:01:00'),
(62, '創作料理・イノベーティブ', '2025-04-23 20:01:00', '2025-04-23 20:01:00'),
(63, 'オーガニック・薬膳', '2025-04-23 20:01:00', '2025-04-23 20:01:00'),
(64, '弁当・おにぎり・惣菜', '2025-04-23 20:01:00', '2025-04-23 20:01:00'),
(65, '肉料理', '2025-04-23 20:01:00', '2025-04-23 20:01:00'),
(66, 'シーフード', '2025-04-23 20:01:00', '2025-04-23 20:01:00'),
(67, 'サラダ・野菜料理', '2025-04-23 20:01:00', '2025-04-23 20:01:00'),
(68, 'チーズ料理', '2025-04-23 20:01:00', '2025-04-23 20:01:00'),
(69, 'にんにく料理', '2025-04-23 20:01:00', '2025-04-23 20:01:00'),
(70, 'ビュッフェ', '2025-04-23 20:01:00', '2025-04-23 20:01:00'),
(71, 'バーベキュー', '2025-04-23 20:01:00', '2025-04-23 20:01:00'),
(72, 'ラーメン・つけ麺', '2025-04-23 20:01:00', '2025-04-23 20:01:00'),
(73, 'カフェ・喫茶店', '2025-04-23 20:01:00', '2025-04-23 20:01:00'),
(74, '甘味処', '2025-04-23 20:01:00', '2025-04-23 20:01:00'),
(75, 'フルーツパーラー', '2025-04-23 20:01:00', '2025-04-23 20:01:00'),
(76, 'パンケーキ', '2025-04-23 20:01:00', '2025-04-23 20:01:00'),
(77, 'コーヒースタンド', '2025-04-23 20:01:00', '2025-04-23 20:01:00'),
(78, 'ティースタンド', '2025-04-23 20:01:00', '2025-04-23 20:01:00'),
(79, 'ジューススタンド', '2025-04-23 20:01:00', '2025-04-23 20:01:00'),
(80, 'タピオカ', '2025-04-23 20:01:00', '2025-04-23 20:01:00'),
(81, 'スイーツ', '2025-04-23 20:01:00', '2025-04-23 20:01:00'),
(82, '洋菓子', '2025-04-23 20:01:00', '2025-04-23 20:01:00'),
(83, '和菓子', '2025-04-23 20:01:00', '2025-04-23 20:01:00'),
(84, '中華菓子', '2025-04-23 20:01:00', '2025-04-23 20:01:00'),
(85, 'ジェラート・アイスクリーム', '2025-04-23 20:01:00', '2025-04-23 20:01:00')
;

-- shopsテーブル
INSERT IGNORE INTO shops (id, name, image_name, description, price, capacity, postal_code, address, phone_number, monday_opening_hours, monday_closing_hours, tuesday_opening_hours, tuesday_closing_hours, wednesday_opening_hours, wednesday_closing_hours, thursday_opening_hours, thursday_closing_hours, friday_opening_hours, friday_closing_hours, saturday_opening_hours, saturday_closing_hours, sunday_opening_hours, sunday_closing_hours) VALUES 
(1, '手羽先専門店 鳥の翼亭', 'shop01.jpg', '秘伝のタレが自慢の手羽先専門店', 2000, 30, '1111111', '愛知県名古屋市中区架空町111', '00000000000', '1700', '2300', '1700', '2300', '1700', '2300', '1700', '2300', '1700', '2400', '1700', '2400', '1700', '2200'),
(2, '絶品味噌カツ 豚の味処', 'shop02.jpg', 'こだわりの味噌カツを味わえる店', 1500, 40, '2222222', '愛知県名古屋市中区架空町222', '00000000000', '1100', '2100', '1100', '2100', '1100', '2100', '1100', '2100', '1100', '2200', '1100', '2200', '1100', '2000'),
(3, 'うなぎ料理 鰻の川', 'shop03.jpg', '香ばしい鰻料理', 4000, 50, '3333333', '愛知県名古屋市熱田区架空町333', '00000000000', NULL, NULL, '1130', '1400', '1700', '2130', '1700', '2130', '1130', '1400', '1130', '1500', '1130', '1500'),
(4, 'きしめん処 つるつる庵', 'shop04.jpg', 'こだわりのきしめん', 900, 35, '4444444', '愛知県名古屋市中村区架空町444', '00000000000', '0900', '1900', '0900', '1900', '0900', '1900', '0900', '1900', '0900', '2000', '0900', '2000', '0900', '1800'),
(5, '台湾ラーメン 紅の華', 'shop05.jpg', 'ピリ辛台湾ラーメン', 1000, 45, '5555555', '愛知県名古屋市千種区架空町555', '00000000000', '1800', '2400', '1800', '2400', '1800', '2400', '1800', '2400', '1800', '0100', '1800', '0100', '1800', '2300'),
(6, 'あんかけスパゲッティ 鉄板倶楽部', 'shop06.jpg', '熱々あんかけスパゲッティ', 850, 30, '6666666', '愛知県名古屋市中区架空町666', '00000000000', '1100', '1500', '1100', '1500', '1100', '1500', '1100', '1500', '1700', '2200', '1700', '2200', '1100', '1500'),
(7, '喫茶 陽だまり', 'shop07.jpg', '小倉トーストが人気の喫茶店', 600, 60, '7777777', '愛知県名古屋市天白区架空町777', '00000000000', '0800', '1800', '0800', '1800', '0800', '1800', '0800', '1800', '0800', '1900', '0800', '1900', '0800', '1700'),
(8, 'エビフライ専門店 海老蔵', 'shop08.jpg', 'ぷりぷりエビフライ', 1800, 25, '8888888', '愛知県名古屋市中区架空町888', '00000000000', '1100', '2000', '1100', '2000', '1100', '2000', '1100', '2000', '1100', '2100', '1100', '2100', '1100', '1900'),
(9, 'どて煮 まる八', 'shop09.jpg', 'じっくり煮込んだどて煮', 1200, 35, '9999999', '愛知県名古屋市中区架空町999', '00000000000', '1730', '2230', '1730', '2230', '1730', '2230', '1730', '2230', '1730', '2300', '1730', '2300', '1730', '2130'),
(10, '天むす専門店 天の川', 'shop10.jpg', '上品な味わいの天むす', 950, 20, '0000000', '愛知県名古屋市中村区架空町101010', '00000000000', '1000', '1700', '1000', '1700', '1000', '1700', '1000', '1700', '1000', '1800', '1000', '1800', '1000', '1600'),
(11, '和食料理 花鳥風月', 'shop01.jpg','旬の食材を使った和食', 5500, 20, '1112222', '愛知県名古屋市中区架空町111111', '00000000000', '1200', '2200', '1200', '2200', '1200', '2200', '1200', '2200', '1200', '2300', '1200', '2300', '1200', '2100'),
(12, '海鮮料理 漁火', 'shop02.jpg','新鮮な魚介料理', 4800, 25, '2223333', '愛知県名古屋市中村区架空町121212', '00000000000', '1700', '2400', '1700', '2400', '1700', '2400', '1700', '2400', '1700', '0100', '1700', '0100', '1700', '2300'),
(13, 'うなぎ専門店 鰻の寝床',  'shop03.jpg','こだわりのうなぎ', 3800, 15, '3334444', '愛知県名古屋市東区架空町131313', '00000000000', '1100', '1430', '1100', '1430', '1730', '2100', '1730', '2100', '1100', '1430', '1100', '1530', '1100', '1530'),
(14, '天ぷら専門店 天空',  'shop04.jpg','揚げたて熱々天ぷら', 7000, 18, '4445555', '愛知県名古屋市中村区架空町141414', '00000000000', '1800', '2300', '1800', '2300', '1800', '2300', '1800', '2300', '1800', '2400', '1800', '2400', '1800', '2200'),
(15, 'とんかつ専門店 豚の恵み', 'shop05.jpg',  'ジューシーとんかつ', 1600, 30, '5556666', '愛知県名古屋市昭和区架空町151515', '00000000000', '1130', '2030', '1130', '2030', '1130', '2030', '1130', '2030', '1130', '2130', '1130', '2130', '1130', '1930'),
(16, '焼き鳥 炭火の鳥', 'shop06.jpg','炭火焼き鳥', 3200, 35, '6667777', '愛知県名古屋市中村区架空町161616', '00000000000', '1700', '2330', '1700', '2330', '1700', '2330', '1700', '2330', '1700', '2430', '1700', '2430', '1700', '2230'),
(17, 'すき焼き専門店 牛の宴',  'shop07.jpg','上質なすき焼き', 6500, 16, '7778888', '愛知県名古屋市中区架空町171717', '00000000000', '1830', '2200', '1830', '2200', '1830', '2200', '1830', '2200', '1830', '2300', '1830', '2300', '1830', '2100'),
(18, 'しゃぶしゃぶ専門店 湯気の向こう', 'shop08.jpg', 'とろけるしゃぶしゃぶ', 5800, 40, '8889999', '愛知県名古屋市中区架空町181818', '00000000000', '1730', '2300', '1730', '2300', '1730', '2300', '1730', '2300', '1730', '2400', '1730', '2400', '1730', '2200'),
(19, 'そば処 蕎麦の里', 'shop09.jpg',  '手打ちそば', 1400, 28, '9990001', '愛知県名古屋市瑞穂区架空町191919', '00000000000', '1100', '1500', '1100', '1500', '1100', '1500', '1100', '1500', '1100', '1600', '1100', '1600', '1100', '1430'),
(20, 'うどん処 麦の風', 'shop10.jpg','もちもちうどん', 1100, 32, '0001112', '愛知県名古屋市守山区架空町202020', '00000000000', '1030', '1930', '1030', '1930', '1030', '1930', '1030', '1930', '1030', '2030', '1030', '2030', '1030', '1830'),
(21, '創作麺料理 麺の遊園地', 'shop01.jpg','新しい麺料理', 1500, 26, '1112223', '愛知県名古屋市緑区架空町212121', '00000000000', '1100', '2100', '1100', '2100', '1100', '2100', '1100', '2100', '1100', '2200', '1100', '2200', '1100', '2000'),
(22, 'お好み焼き 鉄板劇場', 'shop02.jpg','目の前で焼くお好み焼き', 1200, 40, '2223334', '愛知県名古屋市中川区架空町222222', '00000000000', '1700', '2300', '1700', '2300', '1700', '2300', '1700', '2300', '1700', '2400', '1700', '2400', '1700', '2200'),
(23, '丼ぶり専門店 ご飯の宝石箱',  'shop03.jpg','色々な丼ぶり', 900, 38, '3334445', '愛知県名古屋市名東区架空町232323', '00000000000', '1000', '1900', '1000', '1900', '1000', '1900', '1000', '1900', '1000', '2000', '1000', '2000', '1000', '1800'),
(24, 'おでん専門店 煮込み屋',  'shop04.jpg','あったかおでん', 800, 22, '4445556', '愛知県名古屋市北区架空町242424', '00000000000', '1730', '2230', '1730', '2230', '1730', '2230', '1730', '2230', '1730', '2300', '1730', '2300', '1730', '2130'),
(25, '郷土料理 ふるさと味', 'shop05.jpg',  '地元の味', 2500, 45, '5556667', '愛知県名古屋市南区架空町252525', '00000000000', '1130', '1400', '1130', '1400', '1700', '2130', '1700', '2130', '1130', '1400', '1130', '1500', '1130', '1500'),
(26, '沖縄料理 南の島', 'shop06.jpg','沖縄の味', 3000, 30, '6667778', '愛知県名古屋市中区架空町262626', '00000000000', '1800', '2400', '1800', '2400', '1800', '2400', '1800', '2400', '1800', '0100', '1800', '0100', '1800', '2300'),
(27, '牛たん料理 舌の鼓', 'shop07.jpg', '厚切り牛たん', 3500, 18, '7778889', '愛知県名古屋市中村区架空町272727', '00000000000', '1200', '2200', '1200', '2200', '1200', '2200', '1200', '2200', '1200', '2300', '1200', '2300', '1200', '2100'),
(28, '麦とろ専門店 麦の香り', 'shop08.jpg', 'とろろご飯', 1100, 25, '8889990', '愛知県名古屋市東区架空町282828', '00000000000', '1000', '1800', '1000', '1800', '1000', '1800', '1000', '1800', '1000', '1900', '1000', '1900', '1000', '1700'),
(29, '釜めし専門店 釜炊き屋', 'shop09.jpg',  '熱々釜めし', 1300, 20, '9990002', '愛知県名古屋市天白区架空町292929', '00000000000', '1130', '2030', '1130', '2030', '1130', '2030', '1130', '2030', '1130', '2130', '1130', '2130', '1130', '1930'),
(30, 'お茶漬け専門店 〆の一杯', 'shop10.jpg','色々なお茶漬け', 850, 30, '0001113', '愛知県名古屋市守山区架空町303030', '00000000000', '1700', '2330', '1700', '2330', '1700', '2330', '1700', '2330', '1700', '2430', '1700', '2430', '1700', '2230'),
(31, '豆腐料理 空と大地', 'shop01.jpg','ヘルシー豆腐料理', 3800, 16, '1112224', '愛知県名古屋市緑区架空町313131', '00000000000', '1100', '2000', '1100', '2000', '1100', '2000', '1100', '2000', '1100', '2100', '1100', '2100', '1100', '1900'),
(32, '炉端焼き 火の鳥', 'shop02.jpg','豪快炉端焼き', 4500, 14, '2223335', '愛知県名古屋市中川区架空町323232', '00000000000', '1700', '2330', '1700', '2330', '1700', '2330', '1700', '2330', '1700', '2400', '1700', '2400', '1700', '2230'),
(33, 'きりたんぽ専門店 秋田の恵',  'shop03.jpg','本場のきりたんぽ', 3200, 28, '3334446', '愛知県名古屋市名東区架空町333333', '00000000000', '1130', '1430', '1130', '1430', '1730', '2100', '1730', '2100', '1130', '1430', '1130', '1530', '1130', '1530'),
(34, 'くじら料理 鯨の海',  'shop04.jpg','珍しい鯨料理', 6000, 12, '4445557', '愛知県名古屋市北区架空町343434', '00000000000', '1800', '2200', '1800', '2200', '1800', '2200', '1800', '2200', '1800', '2300', '1800', '2300', '1800', '2100'),
(35, '洋食屋さん レトロ', 'shop05.jpg',  '懐かしい洋食', 1900, 35, '5556668', '愛知県名古屋市南区架空町353535', '00000000000', '1100', '2030', '1100', '2030', '1100', '2030', '1100', '2030', '1100', '2130', '1100', '2130', '1100', '1930'),
(36, 'ステーキハウス 鉄の芸術', 'shop06.jpg', '極上ステーキ', 7500, 10, '6667779', '愛知県名古屋市中区架空町363636', '00000000000', '1700', '2300', '1700', '2300', '1700', '2300', '1700', '2300', '1700', '2400', '1700', '2400', '1700', '2200'),
(37, 'フレンチレストラン 白鳥の湖', 'shop07.jpg', '本格フレンチ', 5200, 20, '7778880', '愛知県名古屋市中村区架空町373737', '00000000000', '1230', '2100', '1230', '2100', '1230', '2100', '1230', '2100', '1230', '2200', '1230', '2200', '1230', '2000'),
(38, 'イタリアンレストラン 太陽の恵み', 'shop08.jpg', '陽気なイタリアン', 4200, 25, '8889991', '愛知県名古屋市東区架空町383838', '00000000000', '1100', '2000', '1100', '2000', '1100', '2000', '1100', '2000', '1100', '2100', '1100', '2100', '1100', '1900'),
(39, 'スペインバル 情熱の赤',  'shop09.jpg', 'スペイン料理', 3000, 24, '9990003', '愛知県名古屋市千種区架空町393939', '00000000000', '1800', '2400', '1800', '2400', '1800', '2400', '1800', '2400', '1800', '0100', '1800', '0100', '1800', '2300'),
(40, 'ヨーロッパ料理 古城の味','shop10.jpg', '伝統のヨーロッパ料理', 4800, 16, '0001114', '愛知県名古屋市昭和区架空町404040', '00000000000', '1730', '2230', '1730', '2230', '1730', '2230', '1730', '2230', '1730', '2300', '1730', '2300', '1730', '2130'),
(41, 'アメリカンダイナー 星条旗', 'shop01.jpg','アメリカンフード', 2200, 40, '1112225', '愛知県名古屋市中村区架空町414141', '00000000000', '1100', '2200', '1100', '2200', '1100', '2200', '1100', '2200', '1100', '2300', '1100', '2300', '1100', '2100'),
(42, '中華料理 龍の宮殿', 'shop02.jpg','本格中華', 3500, 50, '2223336', '愛知県名古屋市中区架空町424242', '00000000000', '1700', '2400', '1700', '2400', '1700', '2400', '1700', '2400', '1700', '0100', '1700', '0100', '1700', '2300'),
(43, '四川料理 火の国',  'shop03.jpg','痺れる四川料理', 3200, 22, '3334447', '愛知県名古屋市中区架空町434343', '00000000000', '1130', '1430', '1130', '1430', '1730', '2100', '1730', '2100', '1130', '1430', '1130', '1530', '1130', '1530'),
(44, '台湾料理 故郷の味',  'shop04.jpg','本場台湾料理', 2000, 32, '4445558', '愛知県名古屋市天白区架空町444444', '00000000000', '1800', '2300', '1800', '2300', '1800', '2300', '1800', '2300', '1800', '2400', '1800', '2400', '1800', '2200'),
(45, '飲茶専門店 点心の宴', 'shop05.jpg',  '本格飲茶', 2800, 18, '5556669', '愛知県名古屋市守山区架空町454545', '00000000000', '1100', '2030', '1100', '2030', '1100', '2030', '1100', '2030', '1100', '2130', '1100', '2130', '1100', '1930'),
(46, '手作り餃子 餃子の王', 'shop06.jpg','こだわりの餃子', 1400, 26, '6667770', '愛知県名古屋市緑区架空町464646', '00000000000', '1700', '2330', '1700', '2330', '1700', '2330', '1700', '2330', '1700', '2430', '1700', '2430', '1700', '2230'),
(47, '中華粥専門店 粥の道', 'shop07.jpg', '優しい中華粥', 900, 20, '7778881', '愛知県名古屋市中川区架空町474747', '00000000000', '0900', '1700', '0900', '1700', '0900', '1700', '0900', '1700', '0900', '1800', '0900', '1800', '0900', '1600'),
(48, 'エスニック料理 世界の味', 'shop08.jpg', '多国籍料理', 3300, 38, '8889992', '愛知県名古屋市名東区架空町484848', '00000000000', '1200', '2200', '1200', '2200', '1200', '2200', '1200', '2200', '1200', '2300', '1200', '2300', '1200', '2100'),
(49, '韓国料理 ソウルの灯',  'shop09.jpg', '本場韓国料理', 2600, 30, '9990004', '愛知県名古屋市北区架空町494949', '00000000000', '1730', '2230', '1730', '2230', '1730', '2230', '1730', '2230', '1730', '2300', '1730', '2300', '1730', '2130'),
(50, 'タイ料理 楽園の香り', 'shop10.jpg','本格タイ料理', 3100, 25, '0001115', '愛知県名古屋市南区架空町505050', '00000000000', '1130', '1430', '1130', '1430', '1700', '2100', '1700', '2100', '1130', '1430', '1130', '1530', '1130', '1530')
;


-- usersテーブル
INSERT IGNORE INTO users (id, name, furigana, postal_code, address, phone_number, email, password, admin_flg, paid_flg, enabled) VALUES 
(1, '侍 太郎', 'サムライ タロウ', '1010022', '東京都千代田区神田練塀町300番地', '09012345678', 'taro.samurai@example.com', '$2a$10$2JNjTwZBwo7fprL2X4sv.OEKqxnVtsVQvuXDkI8xVGix.U3W5B7CO', false, true , true),
(2, '侍 花子', 'サムライ ハナコ', '1010022', '東京都千代田区神田練塀町300番地', '09012345678', 'hanako.samurai@example.com', '$2a$10$2JNjTwZBwo7fprL2X4sv.OEKqxnVtsVQvuXDkI8xVGix.U3W5B7CO',  true, false ,true),
(3, '侍 義勝', 'サムライ ヨシカツ', '6380644', '奈良県五條市西吉野町湯川X-XX-XX', '09012345678', 'yoshikatsu.samurai@example.com', '$2a$10$2JNjTwZBwo7fprL2X4sv.OEKqxnVtsVQvuXDkI8xVGix.U3W5B7CO', false, false, true),
(4, '侍 幸美', 'サムライ サチミ', '3420006', '埼玉県吉川市南広島X-XX-XX', '09012345678', 'sachimi.samurai@example.com', 'password', false, false, false),
(5, '侍 正保', 'サムライ マサヤス', '9891203', '宮城県柴田郡大河原町旭町X-XX-XX', '09012345678', 'masayasu.samurai@example.com', 'password', false, false, false),
(6, '侍 安民', 'サムライ ヤスタミ', '2410033', '神奈川県横浜市旭区今川町X-XX-XX', '09012345678', 'yasutami.samurai@example.com', 'password', false, false, false),
(7, '侍 章緒', 'サムライ アキオ', '7392103', '広島県東広島市高屋町宮領X-XX-XX', '09012345678', 'akio.samurai@example.com', 'password', false, false, false),
(8, '侍 祐子', 'サムライ ユウコ', '6010761', '京都府南丹市美山町高野X-XX-XX', '09012345678', 'yuko.samurai@example.com', 'password', false, false, false),
(9, '侍 秋美', 'サムライ アキミ', '6068235', '京都府京都市左京区田中西春菜町X-XX-XX', '09012345678', 'akimi.samurai@example.com', 'password', false, false, false),
(10, '侍 信平', 'サムライ シンペイ', '6731324', '兵庫県加東市新定X-XX-XX', '09012345678', 'shinpei.samurai@example.com', 'password', false, false,  false)
;
  


--reviewテーブル
INSERT IGNORE INTO reviews (id, shop_id, user_id, review_score, review_text, created_at, updated_at) VALUES
(1, 1, 1, 5, 'とてもおいしい手羽先でした。また来たいです。', '2025-04-17',  '2025-04-17')
;

-- favoritesテーブル
INSERT IGNORE INTO nagoyameshi_db.favorites (id, shop_id, user_id) VALUES
(1,1,1)
;

INSERT IGNORE INTO shop_category (shop_id, category_id) VALUES
(1, 1),
(1, 25),
(2, 2),
(3, 3), 
(4, 4), 
(5, 5),
(6, 6), 
(7, 7),
(8, 8), 
(9, 9),
(10, 10),
(11, 11),
(12, 12), 
(13, 13), 
(14, 14),
(15, 15),
(16, 16), 
(17, 17), 
(18, 18), 
(19, 19), 
(20, 20),
(21, 21), 
(22, 22), 
(23, 23), 
(24, 24),
(25, 25),
(26, 26), 
(27, 27), 
(28, 28), 
(29, 29),
(30, 30),
(31, 31), 
(32, 32), 
(33, 33), 
(34, 34), 
(35, 35),
(36, 36), 
(37, 37), 
(38, 38), 
(39, 39),
(40, 40),
(41, 41), 
(42, 42), 
(43, 43),
(44, 44), 
(45, 45),
(46, 46), 
(47, 47), 
(48, 48), 
(49, 49),
(50, 50);

--INSERT IGNORE INTO reservations (shop_id, user_id, reserved_date, reserved_time, number_of_people) VALUES
--(1, 1, '2025-05-20', '19:00:00', 2),
--(2, 2, '2025-05-23', '12:00:00', 3)
--;